name,url,panel_type,fail_count,last_status
WgetCloud 全球加速,https://b8cfff2a4jquxdbmwbaj.wgetcloud.org/register?code=kSIN,,0,跳过-Cloudflare
Viking Links,https://feeds.viking-links.tech/#/login?code=MaFTn476,,0,已注册-登录成功
FlowerCloud 花云,https://api-flowercloud.com/aff.php?aff=17304,,0,跳过-Cloudflare
MESL Cloud,https://dc.makemesl.com/#/register?code=4NeduiXM,,0,跳过-Cloudflare
Nexitally 奶昔机场,https://nxonearth.com/?PartnerCode=dff3c6d9014f4103a09a0be914cf1aa0,,0,跳过-Cloudflare
Imm Telecom,https://immtele.com,,0,跳过-Cloudflare
YToo 歪兔,https://y-too.net/aff.php?aff=889,,0,跳过-Cloudflare
LinkCube,https://linkcube.org/aff.php?aff=788,,0,跳过-Cloudflare
CTC 金龙鱼,https://www.jinglongyu.com/#/register?code=ZVJZYWLy,,0,已注册-登录成功
Poros,https://dashboard.poros.one/#/register?code=CXPoBjoj,,0,跳过-关闭注册
GieGie Cloud,https://go2.giegie.trade/#/register?code=9YpDQsjX,,0,跳过-Cloudflare
AgentNEO,https://agentneo.tech/,,0,跳过-Cloudflare
快冲云,https://1ck.org/register?invcode=c5196099,,0,跳过-Cloudflare
云海互联,https://oceancloud.asia/#/register?code=NEsIUsQN,,0,已注册-登录成功
火星联盟,https://hxlm.io/#/register?code=xkZQk7Fw,,0,已注册-登录成功
NCloud 奇异云,https://xn--clouds-o43k.com/#/register?code=ktrFoOm9,,0,unknown
飞毯加速,https://ay0Z.aff-tanzcloud.top/auth/register?code=ay0Z,,0,unknown
MDSS,https://1224.mdss01-88ubci03.top/#/register?code=zHTBTm13,,0,unknown
Fastnode 机场,https://www.fastnode.vip,,0,unknown
闪电机场,https://0113.sd04-bmbb7vmk.top/#/register?code=W8RI41B6,,0,unknown
xipCloud,https://xipcloudy.com/zh,,0,unknown
CordCloud,https://www.cordc.net/,,0,unknown
FnF 机场,https://fnff.top/manyvoices/zh,,0,unknown
大哥云,https://aff02.dgy02.com/#/register?code=TdJ9zhmt,,0,unknown
云图小镇,https://20260223.dev.tarolink.top/auth/register?code=H6q1,sspanel,0,unknown
iKuuu VPN,https://ikuuu.org/auth/login,,0,unknown
赔钱机场,https://xn--mes358aby2apfg.com/#/register?code=vYU0rYqI,,0,unknown
大机场 Big Airport,https://xn--mesr8b36x.net/#/register?code=ZArZYgxI,,0,unknown
奈思云,https://2nss.com/#/register?code=HoWU9UzZ,,0,unknown
速子云,https://get.tachban.xyz/#/register?code=ov17PIi1,,0,unknown
Sakura Cat 樱花猫,https://c2-sakuracat.com/register?code=gNQyKqqG,,0,unknown
雨燕云,https://new4.yuyan.online/#/register?code=Y91yRm56,,0,unknown
雷霆,https://hi.leiting.uk/invite/jKQeDYtR,,0,unknown
次元云,https://ciyy.cc/index.php#/register?code=SDy1BBg2,,0,unknown
7速云,https://7sucloud.net/register?code=BUO5DT2C,,0,unknown
Paper Plane,https://zfj.so/auth/register?code=a2d354c8d2,,0,unknown
猫熊网络加速器,https://mxwljsq.com/auth/login,,0,unknown
NyaCloud,https://xn--9kqw7o.com/,,0,unknown
Web3 加速器,https://web3jsq.vip/f/7209DeWk,,0,unknown
V2 Network,https://v2cn.com/,,0,unknown
KyCloud,https://cp.cloudnx.cc/aff.php?aff=59467,,0,unknown
Just My Socks,https://justmysocks3.net/members/,,0,unknown
Mie Link 羊圈机场,https://mielink.org/zh-TW,,0,unknown
CMY Network 红莓网络,https://cmy3.network/,,0,unknown
MilkCat 奶猫,https://catweb.jjjxgc.com/#/register?code=zX0OMoQr,,0,unknown
饿饭CC云,https://efanccyun.org,,0,unknown
青云梯,https://qytcc01a.qingyunti.pro/verify?next=%2Fregister%3Faff%3DwMlUHVM0,,0,unknown
TomatoCloud,https://tomatocloud.me/account?action=register&code=Lzw71T,,0,unknown
CitrusLab,https://h2breeze.com/register?aff=lDbdDtHB,,0,unknown
忍者云,https://renzhe.cloud/,,0,unknown
科技熊,https://kjxclub.com/auth/register?code=eerr,,0,unknown
Element,https://www.yuansu.app/#/invite/TZ8BMBES,,0,unknown
prprCloud,https://prpr.96110.cn.com/,,0,unknown
速鹰666,https://sy77a12.com/auth/register?code=nEmD,,0,unknown
桔子云,https://jzy66222.xyz/auth/register?code=ajJa,,0,unknown
BestVPN!,https://best.invitevp.com/#/register?code=oFipIA9S,,0,unknown
GLaDOS,https://glados.space/,,0,unknown
WestData,https://wd-gold.com/aff.php?aff=1327,,0,unknown
CreamData 奶油,https://www.naiyovpn.com/?aff=20#signup,,0,unknown
泡芙云,https://x.paofu.io/WAF/VERIFY/CAPTCHA?info=XjGx1hLlunoF7bP5QpZH%2FxKA6pqsc6jX1zRVkgw4UQhtbdsSWhMWtxwtW%2BOrKP5F1YxiEYTUFw2mrsKbuaDWLz2eZNYlahG%2B8KYSj4YARxTTspg1dWFNJHYy&from=%2Fregister%3Fcode%3DJ72lqgFj,,0,unknown
瑶瑶领先,https://yyssr.org/auth/register?code=a7ad7c24bb,,0,unknown
Boslife,https://www.blnew.com/#/register?code=NlciSgn2,,0,unknown
纷达网络,https://fenda.cloud/auth/login,,0,unknown
Fastlink,https://a12.flaffa03.cc/verify?next=%2Fauth%2Fregister%3Fcode%3DhRfC,,0,unknown
涩龙云,https://www.selom.xyz/#/register?code=LLQNKXcA,,0,unknown
Nerwo 机场,https://share.eleven.observer/auth/register.html?code=bvvf,,0,unknown
我们所向往的 wmsxwd,https://wmsxwd-3.men/#/register?code=4Qa6zQxl,,0,unknown
AmyTelecom,https://www.amytele.co/aff.php?aff=17,,0,unknown
魅影极速,https://www.myjs.net/,,0,unknown
X-Air,https://my.x-air.app:666/#/register?aff=34041,,0,unknown
Bitz Net,https://dash.gobitz.net/#/register?code=cNQOuMNq,,0,unknown
Ayanami！（色色小站）,https://www.sesexiaozhan.com/#/register?code=Xq8mcGFd,,0,unknown
Coffee Cloud,https://xn--9kqp0mora.com/#/register?code=s5MEj7Ro,,0,unknown
奈云,https://aff.v2ny.mom?path=register&code=T86GRpsu,,0,unknown
一枝红杏,https://order.yizhihongxing.club,,0,unknown
BFG 加速,https://www.bfgok.com/auth/register?code=GQDdMl,,0,unknown
Godetia,https://lkjhl.goodoetoioa.xyz/#/register?code=oj7lAyEn,,0,unknown
白月光机场,https://www.sibker.com/register?invite_code=MLRoveBn,,0,unknown
Infini Port,https://console.infiniport.xyz/#/register?code=cd00IGfe,,0,unknown
Paoluz 跑路云,https://paoluz.link/auth/register?code=gZNc,,0,unknown
SaySS,https://www.sayss.net/#/register,,0,unknown
Gatern 机场,https://s.gtoyes.com/index.php/store/ding-yue-fu-wu,,0,unknown
SpeedCAT 闪电猫,https://scvbaff-hezb07.cc/verify?next=%2Fauth%2Fregister%3Fcode%3DDwPz,,0,unknown
Anyland,https://anyland.xyz/#/register?code=PHOMVrCA,,0,unknown
GTK PW,https://board.gtk.pw/#/register?code=PoPXZgzj,,0,unknown
FlyingBird 飞鸟机场,https://fba01.fbva-hen.cc/auth/register?code=DLmG,,0,unknown
ENET 机场,https://www.easyenable.com/#/register?code=Ikvt9dR8,,0,unknown
CATNET 机场,https://0703.catnet01-c6ti90mq.top/#/register?code=yqbRbGui,,0,unknown
悠兔机场,https://youtunice.com?path=register&code=Di40kVJz,,0,unknown
扬帆云,https://yawtt.net/register?code=iMKVpg72,,0,unknown
Cyber Guard,https://cyberguard.best/#/register?code=ILTQCdgz,,0,unknown
肥猫云,https://fcvipaffa05.cc/login#/register?code=QmcPwI0U,,0,unknown
YkkCloud,https://panel.ykkk.best/#/register?code=atY9N92D,,0,unknown
飞天猪,http://a09.ftzvipaffa02.cc/verify?next=%2F#/register?code=ltSl4YJR,,0,unknown
Boost Net,https://boostqz.com/?path=register&code=9cw25cQ8,,0,unknown
Dragonfly 蜻蜓,https://9dragonfly.com/register?affiliate=RK-eAQ7u3Q,hiddify,0,unknown
E-IX 机场,https://ap.cdn.e-ix.com/#/register?code=IJVP9uMc,,0,unknown
AnyNet,https://anynet.me/#/register?code=FpMYlLD5,,0,unknown
WaveNebula 电波星云,https://user.fk8w.com/#/register?code=7tMWDl1w,xboard,0,unknown
蓝莓速递,https://berryexpress.top/#/register?code=TB3mbSpM,,0,unknown
地鼠机场,https://nbvpn.top/#/register?code=3wUFtGx6,,0,unknown
省钱机场,https://xn--mes358ag1lu22a.com/#/register?code=AOXcP4Ph,,0,unknown
维度云,https://weidu.io/#/auth?invite=uuxWk79E,,0,unknown
V2ge,https://a.v2ge.me/#/register?code=vg2hcSWq,,0,unknown
Nachoneko,https://nachoneko.cc/#/register?code=DPdIrBsC,,0,unknown
茶艺云,https://cloud.teaartcloud.com/#/register?code=RV6xMOtm,,0,unknown
滕王阁机场,https://twg520.com/#/register?code=qfrq9M25,,0,unknown
Danke Cloud,https://a10.danke.sbs/#/register?code=rLnJD5a2,,0,unknown
FlyBit,https://goflybit.com#/register?code=78E34u9V,,0,unknown
表哥云,https://biaoge.us/portal/register?code=JnaSNApe,,0,unknown
狮子云,https://dash.shizi.in/portal/register?code=DKBxnL7Q,,0,unknown
蓝莓桥,https://berrypass.net/#/register?code=MWJc9hyM,,0,unknown
迅达 VPN,https://sulianproxy.com/register?code=qRRAlOD9,,0,unknown
团子猫通信,https://dash.tuanzimao.net/#/register?code=9hxIbhfl,,0,unknown
Neko Cloud,https://my.nekocloud.top/#/register?code=T37z4XoD,,0,unknown
Phantom,https://pin.dianping.men/auth/register?code=KjGTJNgb,,0,unknown
SSONE,https://hello-ssone.com/register?aff=3Ypczm9L,,0,unknown
ToDesk,https://todesk.io/auth/register?affid=156884,,0,unknown
千速云,https://www.1000ws.top/#/register?code=gpBSiKhr,,0,unknown
念云,https://xnyun.wiki/,,0,unknown
LiZiOne,https://lizione.com/#/register?code=voKSUQaR,,0,unknown
oixCloud,https://oixcloud.com/auth/register?affid=156884,,0,unknown
特朗普云,https://trumpyun.com/index.php/#/register?code=odAPxA2O,,0,unknown
隐云,https://wkacc.xyz/?code=a7e5fbff,,0,unknown
Global Cloud 全球云,https://gc01.globalyun.cc/,,0,unknown
飞猫云,https://vip02.flyingcat.work/,,0,unknown
StarTrail 星轨,https://plinkc.sbs/#/register?code=XXYXJzO8,,0,unknown
eueu,https://eueua.cc/#/register?code=oiTWeLYk,,0,unknown
光年梯,https://vpnbaycom.gntvipaff.cc/#/?code=YgPQcmp2,,0,unknown
YoYoo,https://yoyoo.net/#/register?code=FdNcky8y,,0,unknown
神龙机场,https://shenlong123.cc/#/register?code=5M5JyNMs,,0,unknown
HK-BEUP,https://www.beupisp.com/register?code=OKUf5v4p,,0,unknown
墨菲云,https://portal.mofeiyun.com/#/register?code=bTZNKGeX,,0,unknown
One Step,https://login.onestep.lat/#/register?code=K0awGg26,,0,unknown
PyroCloud,https://pyrocloud.xyz/#/auth?invite=uu43Srnu,,0,unknown
悠云 UOCloud,https://www.uoyun.com/#/register?code=pbfcvTZl,,0,unknown
咩咩速联,https://eck8.miemie.uk/#/register?code=OvKgtCps,,0,unknown
Tomato 番茄🍅,https://tmt.lat,,0,unknown
TAPCloud,https://tapcloud.me/web/#/login?code=tRY553xG,,0,unknown
SingLink 星连,https://mysinglinkweb.com/en#/register?code=PiJ4wqka,,0,unknown
鱼云机场,https://yuwan.xyz/register?code=1k1ueRng,,0,unknown
唯兔云,https://vip01.onlyrabbit.cc/#/?code=ZdDzdK8Q,,0,unknown
星岛梦,https://vpnbay01.xdmvipaff.cc/#/?code=b5iohwDN,,0,unknown
光速云,https://gsy01.lightspeed.club/,,0,unknown
NMY 牛马云,https://board.nmy.skin/#/register?code=e5tdJF28,,0,unknown
Matcha Network,https://matcha.su/#/register?code=AKTUJuX2,,0,unknown
极连云,https://vpnbay01.jlcvipaff.cc#/register?code=x7YajRfc,,0,unknown
SkyCloud,https://panel.skycloud.lol/zh/auth/signup?referrer=FYG1DtiU,,0,unknown
CrossWall,https://www.crosswall.org/#/register?code=eHZ1cb6d,,0,unknown
咕噜咕噜,https://gl-ez.pages.dev/#/register?code=jLBit6Uh,,0,unknown
美乐云,https://www.v3ml.com#/register?code=eur0SOGQ,,0,unknown
山海云,https://shanhai.cfd/#/register?code=GRARlFsr,,0,unknown
奶茶机场,https://naichachong.com/#/register?code=3IS2GFHP,,0,unknown
酷酷云 KuKuYun,https://a09.kkyvipaff02.cc/register?aff=hboaGlNk,,0,unknown
KooDog,https://www.kdcloud.uk/#/register?code=oMrF1orI,,0,unknown
Flywarp 飞梭机场,https://79fac683dfd5d99a.fs01.cc/#/register?code=YVYMBKL4,xboard,0,unknown
鱼鱼的超级机场,https://288811.xyz/#/register?code=kEx2akw2,,0,unknown
Perfect Link,https://www.perlnk.com/#/auth?invite=uUn8UTh3,,0,unknown
V2PAW,https://dash.v2paw.com/register?ref=0197f801-38f6-7087-9d2b-0fcbf6911166,,0,unknown
良心云,https://xn--9kqz23b19z.com/#/register?code=UEu22ntR,,0,unknown
北美机场 North American Airport,https://xn--djr29gc2r0vx.com/#/register?code=uWYsSDMn,v2board,0,unknown
糖果云,https://candytally.pro/web/#/login?code=mdaZbyYZ,,0,unknown
小蜜蜂机场,https://xmf-vip.github.io/xmf-vpn-vip/invite_code.html?invite_code=1j5f,,0,unknown
CAC 机场,https://www.cac.mom/#/register?code=vGTBZ5IO,,0,unknown
一元中转,https://yyzz.ink/#/register?code=lO9cJbeu,,0,unknown
Alphaio,https://user.alphalo.net/register?code=UBIYFnzw,,0,unknown
小蜜蜂机场,https://a16.xmfaff.pro/verify?next=%2Fregister%3Faff%3D9mHFEu1t,,0,unknown
iNetS,https://dash.inetslink.de/#/register?code=I2M7auXk,,0,unknown
赛博云,https://saiboyun.org/#/register?code=oCyqVH2l,,0,unknown
猫弦云,https://maoxian.onl/#/register?code=SGCF2vNh,,0,unknown
Superbiu,https://superbiu.com/#/register?code=mGdFkxQK,,0,unknown
Xesal 机场,https://xes.al/,,0,unknown
快驴,https://kuailv.top/#/register?code=XoPN0uyc,,0,unknown
ΛИҮШΛҮ 青鸟,https://www.anyway.best/register?invite-code=ICFkTF4wBmpy,,0,unknown
CTC02,https://www.ctc.run/#/register?code=DypYapP2,,0,unknown
Lemon Cloud,https://dash.lemoncloud.world/#/register?code=d7UOtHui,,0,unknown
Luckin 加速器,https://user.susucloud.net/,,0,unknown
Taffy Cloud,https://hasucn.me/i/RzJtc3Po,,0,unknown
BestTelecom,https://login.besttelecom.cc/#/register?code=IjpUlFmU,,0,unknown
SRCloud星轨加速计划,https://honkai.srcloud.online/#/register?code=kUQ5KkPh,,0,unknown
极风网络,https://cdn.xn--osv801i.com/#/register?code=vukIDFPk,,0,unknown
黑海云 Tblack Cloud,https://seawifs.com/#/register?code=4D9h6aGN,,0,unknown
天天云,https://x1.tttizi.com/#/register?code=mie1EGJi,,0,unknown
贝贝云,https://beibeicloud.shop/register?code=fVNdFoN5,,0,unknown
ofoNET,https://ofosg.com/#/register?code=fHRPNuHf,,0,unknown
HoMoCloud 星沐互联,https://homocloud.link/,,0,unknown
WCloud,https://wcloud.me/register?aff=d7MF3zIX,,0,unknown
Alice Network 机场,https://dash.alice.sale/#/register?code=D87itjfp,,0,unknown
Doriya Network,https://dash.rtx.al/#/register?code=rbhI8Uoc,,0,unknown
清风云,https://dash.qingfengyun.xyz/?code=X2X0cVK8,,0,unknown
闪狐云,https://a12.ffvipaffb04.cc/register?aff=qx1cA8Hk,,0,unknown
优信云,https://www.youxincloud.net/#/register?code=117Ds7sa,,0,unknown
小飞象机场,https://www.xfx05.com#/register?code=OOGAOzbz,,0,unknown
BYTEDOG 字节狗,https://gate.bytedog.icu/#/register?code=Achy5PZ1,xboard,0,unknown
UNi 独角兽机场,https://unis16.cc/#/register?code=tEdmBOtr,,0,unknown
SeekNodes,https://seeknodes.com/#/register?code=KTXoyN1q,,0,unknown
NanoPort,https://xn--i8s3q176n.xyz/#/register?code=RUWOjGEr,,0,unknown
快猫机场 QuickCAT,https://www.kuaimao2.club/auth/register?code=q8FmRDHc,,0,unknown
Mitce,http://mitce.net,,0,unknown
千速喵,https://training.lilt-pupu.cc/#/register?code=3C7AZ91U,,0,unknown
老头VPN,https://www.chattous.net/#/register?code=LTZos9uS,,0,unknown
红杏云机场,https://hongxingdl.com/web/#/login?code=yjburi7r,,0,unknown
冲浪猫,https://guanwangdizhi.clmgo.me/#/register?code=OrjHaFhp,,0,unknown
Freecat 🐾自由猫,https://us.freecat.cloud/register?code=egkOebRs,,0,unknown
ASH 微斯人,https://app.ashcloud.io/#/register?code=ApZN2B8O,,0,unknown
Kitty Network 机场,https://kitty.fo#/register?code=V5U3Hif6,,0,unknown
平价机场,https://xn--6nq44rp7f3wj.com/#/register?code=KhBrweRx,,0,unknown
Nyxen 机场,https://nyxen.org/WAF/VERIFY/CAPTCHA?info=7ogvKgNhbhq4603kX8qfjfMq%2FA2qWAp9E%2F7YVclghPi%2FSZwRUzv5uF4Bvdk3dNUtNh545Cnis6QnUyxwS6EkdjI%3D&from=%2F#/register?code=t7Tca0WJ,,0,unknown
柠檬宝机场 VPN,https://wws.xn--pbt38zg4v.com/#/register?code=e5Zuc4pA,,0,unknown
PixiCat,https://my.pixicat.net/register?code=mgTZN2yY,,0,unknown
TIRN 机场,https://tirn.top/#/register?code=bCGNZFdG,,0,unknown
冲上云霄,https://9.999865.xyz/?r=21769,,0,unknown
狗子云,https://dash.gzy666.top/register?code=FNHcWHjC,,0,unknown
渔云机场,https://cloudfisher.xyz/web/#/login?code=N40ylSAJ,,0,unknown
云通机场,https://yuntong.one/#/?code=4V6nzPVf,,0,unknown
八云网络,https://8yun.me/#/register?code=CXTZu2fC,,0,unknown
Bocchi,https://xb.bocchi.ooo/#/register?code=4skRa5AQ,,0,unknown
SsdAirport,https://bangpi.top?path=register&code=p1HsQa0W,,0,unknown
万达云,https://app.wdycenter.com/register?code=mfnTlrSw,,0,unknown
柚子兔网络,https://yzt.moe/#/register?code=ktDtwtiD,,0,unknown
五树云,https://xiaomiaff.pro/register.html?invitecode=8UctYVq0,,0,unknown
蜂窝加速器,https://h.fengwo.online/#/login?code=bbAilrMO,,0,unknown
PK Cloud 皮卡丘机场,https://pkhub.net/#/login?code=OuCU7jw4,,0,unknown
尔湾云,https://erwan.cc/auth/register?code=Lp8Mst,,0,unknown
独角兽机场,https://91unicorn.cloud/#/register?code=QjfbQ0DD,,0,unknown
红岸加速,https://hongango.vip#/register?code=6yzVxr0l,,0,unknown
小旋风机场,https://a04.xxfvipaff.pro/#/register?inviteCode=FFA946C92AE8,,0,unknown
BigME 大米加速,https://1s.bigmeok.me/user#/register?code=WqCa8IRh,,0,unknown
特价机场,https://82af8b68-c1c0-4897-af7e-bddf32c69b2f.75733.xyz/#/register?code=ABH5upjf,,0,unknown
NanoCloud,https://edu.uodoo.bid/auth/register?code=5jhGJOZU,,0,unknown
紫鸟 VPN,https://ziniao.cc/#/register?code=dNNBmZsm,,0,unknown
IDCNLink,https://idcn.link/register?code=pQ69A2Ig,,0,unknown
跨境 Cloud,https://wbe-agent.kuajing.uk/auth/register?code=KF1m,,0,unknown
爬兔兔 VPN,https://patutu.xn--cesw6hd3s99f.com/#/register?code=wvBj813R,xboard,0,unknown
火烧云,https://hsy88.org/#/register?code=CojtEDjG,,0,unknown
穿云箭,https://rocket123.uk/#/register?code=TVvV95xA,,0,unknown
扑克云,https://panel.pokeryun.top/zh/#/auth/signup;referral=9o4la3T2,,0,unknown
大讯云,https://daxun.xyz/#/register?code=AVLIiiEd,,0,unknown
云兔,https://yuntu.pro/#/register?code=k4KtoNXi,,0,unknown
Poless VPN,https://v.diless.com/#/register?code=lXBqDb7s,,0,unknown
三番云,https://3fancloud.net/#/register?code=nYOQmF8l,,0,unknown
极速云,https://w1.jisucloudow.com:8888#/register?code=VW1a82Ds,xboard,0,unknown
TNT Cloud,https://a05.tntvipaffb08.cc/#/register?code=zwGrC8KX,xboard,0,unknown
Lray,https://lray.dlgisea.com/#/login?code=AcD5xfrX,,0,unknown
银河云,https://webcc01.galaxycloud.pro/login#/register?code=cogo468J,,0,unknown
Fancy Network,https://dash.justfancy.net/register?code=RGIksNCT,,0,unknown
一分机场,https://xn--4gqx1hgtfdmt.com/#/register?code=0mMeKM0b,,0,unknown
大飞云,https://www.dafeixx.com/#/login?code=kRT0eCbc,,0,unknown
流量光机场,https://llg01.com/#/register?code=jBlwQDRb,,0,unknown
北海网络,https://beihaiwangluo.ink/#/register?code=sPhmM6Dw,xboard,0,unknown
樱桃云 Cherry Network,https://board.cherrynet.work/#/register?code=XwXy9MzA,,0,unknown
FilmCloud,https://okk.filmtoday.xyz/#/register?code=yef6BgFx,xboard,0,unknown
UCSS,https://my.undercurrentss.com/index.php?rp=/store/ucss,,0,unknown
咸鱼加速器,https://nexuscloud.ch/aff.php?aff=120,,0,unknown
XXAI 机场,http://dash.xxai.cloud/auth/register?c=pP1t059C,,0,unknown
TKV Network,https://portal.tkv.one/aff.php?aff=49,,0,unknown
xgCloud,https://www.xgyuming.com/#/register?code=mGn8DTdx,,0,unknown
SS-ID,https://qe.newssid.com/#/register?code=ZU1wEZPu,,0,unknown
YepFast 椰皮加速,https://dash.yep.top/#/auth/signup;referral=Aigb7hjz,,0,unknown
顶级机场,https://xn--mes358a9urctx.com/#/register?code=HYtTrTUL,,0,unknown
Forest VPN,https://forest-cn.com/download#/register?code=qQ606gGg,,0,unknown
Aladdin Net 阿拉丁网络,https://short.thisgourl.xyz/#/register?code=67189fa7,,0,unknown
CloudFox 云狐,https://cldfoxgroup.xyz/register?code=V1QTMqFv,,0,unknown
CoCo Duck 小黄鸭机场,https://dash.cocoduck.live/auth/register?code=11196cc1b2,,0,unknown
一元机场,https://xn--4gq62f52gdss.com/,,0,unknown
Titan,https://eleme.pro/auth/register?code=xhdGvoBswf,,0,unknown
1云梯,https://1ytheizi02.cc/register?aff=vgGd3wHY,,0,unknown
rancho,https://yy.mcwy.pro#/register?code=fBsxhsuH,,0,unknown
NieRCloud 尼尔云,https://board.cloudnier.com/#/register?code=VZPi9tX2,,0,unknown
渔舍,https://my.yushe.org/#/register?code=rhzFZjrW,,0,unknown
CornSS,https://www.corntt.com/#/register?code=lsuhgpKi,,0,unknown
疾风云,https://j36.net?code=f94g,,0,unknown
PP 机场,https://v2b.pp.st/register?code=JjQnh4Yp,,0,unknown
蓝星云,https://a.a0079.store/#/register?code=jI0lhTuz,,0,unknown
蓝帆云,https://lanfanz.cc/?code=8LGp,,0,unknown
Cherry VPN,https://2026-04-15.sqllq.com/en/?chyvpn.cyou,,0,unknown
ssLinks,https://123s.co/#/register?code=qc2azO1P,,0,unknown
DegYax,https://degyax.com/user#/register?code=8sY7Vv1j,,0,unknown
CyberAirport,https://cyberairport.net/,,0,unknown
Nice Duck,https://x.niceduck.sh/register?code=385tSEHj,,0,unknown
小鲤鱼机场,https://www.xiaoliyu.me/#/register?code=90tauz2G,,0,unknown
DuckGOGO,https://b.duckgogo.net/signup?code=J1KNY2W7,,0,unknown
Echo Network,https://echonetwork.club/#/register?code=J55pOFO9,,0,unknown
最萌的云,https://www.cutecloud.net/register?code=qJWl8mot,v2board,0,unknown
百变小樱,https://bbxy.xn--cesw6hd3s99f.com/auth/register?code=lTDA,,0,unknown
OKANC,https://www.okads.top?path=register&code=dtSA4q3S,,0,unknown
Ten Cloud 腾云机场,https://cn.tencloud.net/#/register?code=uOqsMIHE,,0,unknown
拿铁云 Latte Cloud,https://natieyun.men/#/register?code=Q2pYpBYm,,0,unknown
FSCloud,https://web.fscloud.cc/#/register?code=o8HSLd25,,0,unknown
NessByte 耐思云,https://zone3.nessbyte.top/#/register?code=TbFaOU54,,0,unknown
八戒机场,https://bajie.pw/#/register?code=tEtqE2HX,,0,unknown
ESNC 东急,https://esnc.link/#/register?code=YXd2NPEU,,0,unknown
Dual Net,https://client.neodualnet.com/#/register?code=Qpua8rG9,,0,unknown
辉夜 Proxy,https://user.hyproxy.cc/#/register?code=1fd33Yx9,,0,unknown
Helium Network 氦网,https://web.henet.uk/#/register?code=4fIEpyGj,,0,unknown
Starnet,https://www.starnetcn.com/#/register?code=Tah9e1Tk,,0,unknown
极客云,https://jike467.xyz/auth/register?code=bOTU,,0,unknown
蛋挞云,https://eggtart.cloud/zh/#/auth/signup;referral=bx9GEfgf,,0,unknown
OuO Network,https://dash.ouonetwork.com/WAF/VERIFY/CAPTCHA?info=tzk3Z9CE8hlIOICwa5RuigZd3SVUfqkajVhgBJevLxkxj8BXufxuCq30Dsk6ZWC9eRf6MbMdFijRhrh%2BTeKfJAPtlkPYpu6BZJZn4ho8gBQkdjI%3D&from=%2Fregister%3Fi%3DjYwTjfHk,,0,unknown
NaiU 机场,https://1224.pork.immo/#/register?code=1DWfoJID,,0,unknown
飞兔云,https://301.xn--h5qy75o.vip/index.html?register=XgHqM8he,,0,unknown
收藏柜里行走的十元unu机场店,https://portal.ununetwork.top/#/register?code=ClnDoDlh,,0,unknown
狗狗加速,https://panel.dg1.top/#/register?code=VjaIfJte,,0,unknown
ETON,https://eton.club/#/register?code=GhxcjyAn,,0,unknown
守候网络,https://dash16.newsntp.net/auth/register?code=Lsgfa7Wr,,0,unknown
速云梯,https://suyunti168.xyz/auth/register?code=HI4Z,,0,unknown
魔戒机场,https://mojie.me/#/register?code=7QuI6HSb,,0,unknown
飞机云,https://feijiyun66.com/auth/register?code=GitR,,0,unknown
泡泡狗,https://iepl.io/#/register?code=EDun6zhT,,0,unknown
TaiShan Net,https://jp.taishan.pro/register?code=qrwnIR0M,,0,unknown
夜煞云,https://1.yeshayun.com/#/register&code=XzzueOpB,,0,unknown
Coo Network,https://web.coo.wiki/#/register?code=ncAe5Jel,,0,unknown
Kuromis 库洛米机场,https://www.kurqq9.com/register?affiliate_code=f5hbCxOkx4J2E81zwMVLV,,0,unknown
New_www,http://www.w3.org,,0,未测
New_my,https://my.xiongyun.pro,,0,未测
New_apibncr,https://apibncr.koxvnc.cn,,0,未测
New_box,https://box.seidenstrabe.com,,0,未测
New_donate,http://donate.v2line.org,,0,未测
New_185792,https://185792.com,,0,未测
New_telegra,https://telegra.ph,,0,未测
New_xx,https://xx.xiaow.cc,,0,未测
New_laoxivpn,https://laoxivpn.on.websim.com,,0,未测
New_www,https://www.linejet.net,,0,未测
New_a,https://a.hifu365.com,,0,未测
New_my4,https://my4.xiongyun.icu,,0,未测
New_cdn4,https://cdn4.telesco.pe,,0,未测
New_alaalatin,https://alaalatin.alaala.xyz,,0,未测
New_xiao,https://xiao.mygodns.top,,0,未测
New_syjccloud,https://syjccloud.com,,0,未测
New_zlwl,https://zlwl.org,,0,未测
New_panel,https://panel.xcloud-world.com,,0,未测
New_insidead,https://insidead.ru,,0,未测
New_xbzz,https://xbzz.ierulk.cc,,0,未测
New_sub,https://sub.kaynlab.com,,0,未测
New_b,https://b.xiaow.cc,,0,未测
New_oce,https://oce.520712.xyz,,0,未测
New_my2,https://my2.xiongyun.xyz,,0,未测
New_vip,https://vip.1929.work,,0,未测
New_www,https://www.sanrenxing.win,,0,未测
New_www,https://www.jians.org,,0,未测
New_jige,https://jige.li,,0,未测
New_wymcp2,https://wymcp2.hirr.cn,,0,未测
New_www,http://www.okhao.xyz,,0,未测
New_www,https://www.ymxd.lol,,0,未测
